Movies
Inception; Traumebenen manipulieren die Realität; Ein Team pflanzt Ideen in Träume; Zeit verläuft unterschiedlich in Träumen
Die Matrix; Menschen leben in einer Simulation; Der Protagonist wählt die rote Pille; Maschinen kontrollieren die Welt
Die Verurteilten; Ein Unschuldiger plant die Flucht; Freundschaften im Gefängnis; Ein Hammer hilft ihm zur Freiheit
Pulp Fiction; Mehrere Handlungsstränge verknüpfen sich; Zwei Gangster diskutieren über Fast Food; Ein mysteriöser Koffer bleibt ungeöffnet
The Dark Knight; Gotham City ist in Gefahr durch Chaos; Ein maskierter Held bekämpft einen Anarchisten; Harvey Dent hat eine tragische Wendung
Fight Club; Geheime Kämpfe gegen die Gesellschaft; Die erste Regel: Man spricht nicht darüber; Der Protagonist kämpft mit seiner Identität
Forrest Gump; Ein Mann durchlebt historische Momente; „Lauf, Forrest, lauf!“ ist ein berühmtes Zitat; Er wird Unternehmer und Held
Der Pate; Eine Mafiafamilie kämpft um Macht; „Ein Angebot, das er nicht ablehnen kann“; Der Sohn übernimmt das Geschäft
Schindlers Liste; Ein Geschäftsmann rettet Juden im Krieg; Er nutzt seine Fabrik, um Leben zu schützen; Eine Liste steht im Zentrum
Gladiator; Ein General wird Sklave und Kämpfer; „Bist du nicht unterhalten?“ ist ein Zitat; Er sinnt auf Rache für seine Familie
Interstellar; Astronauten reisen durch ein Wurmloch; Zeitdilatation auf einem Wasserplaneten; Rettung der Menschheit vor dem Aussterben
Der Herr der Ringe; Eine Gruppe reist, um einen Ring zu zerstören; Dunkle Mächte verfolgen sie; Frodo trägt den Ring nach Mordor
Titanic; Eine Liebesgeschichte an Bord eines Schiffs; Das Schiff kollidiert mit einem Eisberg; Jack opfert sich, um Rose zu retten
Star Wars: Eine neue Hoffnung; Eine Rebellion kämpft gegen das Imperium; Ein junger Jedi lernt die Macht; Der Todesstern wird zerstört
Zurück in die Zukunft; Ein Teenager reist in die Vergangenheit; Er verändert die Zukunft seiner Eltern; Ein verrückter Wissenschaftler hilft ihm, zurückzukehren
Das Schweigen der Lämmer; Ein FBI-Agent sucht einen Serienkiller; Ein inhaftierter Psychopath hilft ihr; Hannibal Lecter ist ein geniales, aber gefährliches Genie
The Sixth Sense; Ein Junge sieht tote Menschen; Ein Psychologe versucht ihm zu helfen; Ein überraschendes Ende enthüllt die Wahrheit über den Psychologen
Cars
BMW; Bekannt für sportliche Limousinen; Die Markenfarbe ist Blau und Weiß; „Freude am Fahren“ ist ihr Motto
Mercedes-Benz; Luxusfahrzeuge mit hoher Leistung; Das berühmte Dreizack-Logo; Innovatives Design und Technik
Audi; Vier Ringe symbolisieren die Markenpartnerschaft; Berühmt für quattro-Allradantrieb; Fokus auf Leistung und Technik
Volkswagen; Der Käfer ist ein ikonisches Modell; „Das Auto“ ist ein beliebter Slogan; Große Auswahl an erschwinglichen Modellen
Porsche; Sportwagen mit hoher Geschwindigkeit; Berühmt für den 911; Ein Symbol für Luxus und Leistung
Toyota; Führend in der Hybridtechnologie; Der Prius ist ihr bekanntestes Modell; Zuverlässigkeit und Wirtschaftlichkeit sind zentral
Honda; Bekannt für motorisierte Geräte und Autos; Der Civic ist ein beliebtes Modell; Innovation in der Motorentechnologie
Ford; Die Mustangs sind legendär; Ein Pionier in der Automobilindustrie; Bekannt für Pickup-Trucks wie den F-150
Chevrolet; Berühmt für den Silverado und Camaro; Das Bowtie-Logo ist sehr bekannt; Große Palette an Fahrzeugen
Nissan; Führend in der Elektrofahrzeugtechnologie; Der Leaf ist ein beliebtes Modell; Bekannt für seine Zuverlässigkeit
Hyundai; Wachsende Präsenz auf dem Automobilmarkt; Bietet eine gute Garantie; Fokus auf Design und Innovation
Subaru; Berühmt für Allradfahrzeuge; Der Outback ist besonders beliebt; Fokussiert auf Sicherheit und Abenteuer
Lamborghini; Hochleistungs-Sportwagen mit unverwechselbarem Design; Das Logo ist ein Stier; Luxuriöse und exklusive Fahrzeuge
Ferrari; Italienische Sportwagen mit hohem Status; Das Pferd ist das Symbol der Marke; Bekannt für Rennsport und Geschwindigkeit
Jaguar; Britische Luxusmarke mit sportlichem Flair; Der Jaguar ist ein bekanntes Symbol; Kombination aus Eleganz und Leistung
